Kings Hill/SW Salmon St MAX Station,45.5202761,-122.6912599
Interstate/Rose Quarter MAX Station,45.5302531,-122.6678177
N Lombard TC MAX Station,45.5774909,-122.6820276
N Killingsworth St MAX Station,45.562668,-122.6822429
Providence Park MAX Station,45.5213658,-122.6900786
Providence Park MAX Station,45.5213658,-122.6900786
Clinton/SE 12th Ave MAX Station,45.5028631,-122.6533888
SE 17th Ave & Rhine St MAX Station,45.497803,-122.648153
Beaverton Creek MAX Station,45.500417,-122.8330549
Delta Park/Vanport MAX Station,45.5960067,-122.6856041
PSU South/SW 5th and Jackson MAX Station,45.5089205,-122.6830776
PSU Urban Center/SW 6th and Montgomery MAX Station,45.5115189,-122.6826171
SE Holgate Blvd MAX Station,45.491118,-122.566272
Lents/SE Foster Rd MAX Station,45.48043699999999,-122.5668079
Kenton/N Denver Ave MAX Station,45.5837653,-122.6858304
SE Flavel St MAX Station,45.467835,-122.566652
SE Powell Blvd MAX Station,45.495747,-122.566184
SE Division St MAX Station,45.5032624,-122.5666709
SE Main St MAX Station,45.5143936,-122.5644639
Galleria/SW 10th Ave MAX Station,45.5198359,-122.68159
Pioneer Square North MAX Station,45.519253,-122.6794749
Parkrose/Sumner TC MAX Station,45.559015,-122.56562
Sunset TC MAX Station,45.5101734,-122.7810732
Mt Hood Ave MAX Station,45.5772546,-122.5671405
Morrison/SW 3rd Ave MAX Station,45.5181536,-122.675346
Mall/SW 5th Ave MAX Station,45.518701,-122.6774021
E 102nd Ave MAX Station,45.52269099999999,-122.559244
Portland International Airport MAX Station,45.587584,-122.5931
Mall/SW 4th Ave MAX Station,45.5180899,-122.6775982
E 122nd Ave MAX Station,45.5225687,-122.5383701
E 162nd Ave MAX Station,45.5221336,-122.497057
Ruby Junction/E 197th Ave MAX Station,45.5163962,-122.460831
Rockwood/E 188th Ave MAX Station,45.520615,-122.4707885
Convention Center MAX Station,45.5301434,-122.6622307
NE 7th Ave MAX Station,45.5300567,-122.6579352
Gresham Central TC MAX Station,45.5026552,-122.427018
Gresham City Hall MAX Station,45.5057845,-122.4361323
Pioneer Square South MAX Station,45.5185545,-122.6793104
NE 60th Ave MAX Station,45.5287352,-122.6028256
Rose Quarter TC MAX Station,45.5301398,-122.6663669
Oak/ SW 1st Ave MAX Station,45.5199606,-122.6723278
Hollywood/NE 42nd Ave TC MAX Station,45.5329016,-122.6211318
Lloyd Center/NE 11th Ave MAX Station,45.5300884,-122.6538198
E 148th Ave MAX Station,45.5222454,-122.51002
NE 82nd Ave MAX Station,45.5334245,-122.5783617
E 181st Ave MAX Station,45.52207260000001,-122.4777319
E 172nd Ave MAX Station,45.5221627,-122.4868274
Gateway/NE 99th Ave TC MAX Station,45.5306376,-122.5636116
Goose Hollow/SW Jefferson St MAX Station,45.5180272,-122.6936889
Washington Park MAX Station,45.51065699999999,-122.716792
Tuality Hospital/SE 8th Ave MAX Station,45.521301,-122.978373
Yamhill District MAX Station,45.5172237,-122.6744722
Library/SW 9th Ave MAX Station,45.5192529,-122.6819867
Hillsboro Central/SE 3rd TC MAX Station,45.5213764,-122.9853083
Hawthorn Farm MAX Station,45.52996599999999,-122.93075
Merlo Rd/SW 158th Ave MAX Station,45.505228,-122.842148
Skidmore Fountain MAX Station,45.522984,-122.671323
Washington/SE 12th Ave MAX Station,45.521166,-122.9695099
Hatfield Government Center MAX Station,45.522204,-122.991022
Fairplex/Hillsboro Airport MAX Station,45.526983,-122.9461541
Elmonica/SW 170th Ave MAX Station,45.5099231,-122.8515139
Old Town/Chinatown MAX Station,45.5250661,-122.6713622
Willow Creek/SW 185th Ave TC MAX Station,45.517246,-122.870196
Beaverton Central MAX Station,45.490463,-122.807104
Orenco/NW 231st Ave MAX Station,45.5302908,-122.9158316
Quatama/NW 205th Ave MAX Station,45.523201,-122.888821
Millikan Way MAX Station,45.49523019999999,-122.8216184
Cleveland Ave MAX Station,45.5017775,-122.4185058
PSU South/SW 6th and College MAX Station,45.509616,-122.683593
Milwaukie/Main St MAX Station,45.441226,-122.639938
Cascades MAX Station,45.5723608,-122.5581625
SE Bybee Blvd MAX Station,45.4747724,-122.6400047
SE Tacoma St/Johnson Creek MAX Station,45.46280700000001,-122.637633
SE 17th Ave & Holgate Blvd MAX Station,45.490898,-122.648507
Union Station/NW 6th and Hoyt MAX Station,45.52724629999999,-122.6765418
SW 6th and Pine MAX Station,45.5221923,-122.6768457
NW 5th and Couch MAX Station,45.523992,-122.675528
Beaverton TC MAX Station,45.4914575,-122.8016546
Pioneer Place/SW 5th MAX Station,45.5183125,-122.677939
South Waterfront/SW Moody Ave MAX Station,45.502734,-122.671252
Lincoln St/SW 3rd Ave MAX Station,45.5079331,-122.6806855
Rosa Parks MAX Station,45.569873,-122.682153
Expo Center MAX Station,45.6053587,-122.6857448
Overlook Park MAX Station,45.548709,-122.681011
Albina/Mississippi MAX Station,45.53948949999999,-122.6753652
N Prescott St MAX Station,45.555211,-122.682302
OMSI/SE Water Ave MAX Station,45.5084872,-122.6658475
SE Park Ave MAX Station,45.430734,-122.635065
NW 6th and Davis MAX Station,45.5243256,-122.6764273
SW 5th and Oak MAX Station,45.521573,-122.676178
PSU Urban Center/SW 5th and Mill MAX Station,45.51171189999999,-122.6815588
SW 6th and Madison St MAX Station,45.5155389,-122.6804701
SE Fuller Rd MAX Station,45.4535188,-122.573683
Clackamas Town Center TC MAX Station,45.4358424,-122.5678145
Civic Drive MAX Station,45.5081907,-122.4415814
Union Station/NW 5th and Glisan MAX Station,45.52683589999999,-122.6756532
Pioneer Courthouse/SW 6th MAX Station,45.5189101,-122.6786241
City Hall/SW 5th and Jefferson MAX Station,45.5149756,-122.6797341
